<?xml version="1.0" encoding="utf-8"?>
<modification>
	<name>TM Parallax </name>
	<version>1.0</version>
	<author>http://www.templatemonster.com</author>
	<link>http://www.templatemonster.com</link>
	<code>parallax</code>
	<file path="catalog/model/extension/module.php">
		<operation>
			<search><![CDATA[public function getModule($module_id) {]]></search>
			<add position="before"><![CDATA[		
    public function getModuleCode($module_id) {
        $query = $this->db->query("SELECT * FROM " . DB_PREFIX . "module WHERE module_id = '" . (int)$module_id . "'");
        if ($query->row) {
            return $query->row['code'];
        }else {
            return array();
        }
    }
				]]></add>
		</operation>
		
	</file>
</modification>