<?xml version="1.0" encoding="utf-8"?>
<modification>
	<name>TM Positions on Home page</name>
	<version>1.0</version>
	<author>http://www.templatemonster.com</author>
	<link>http://www.templatemonster.com</link>
	<code>7</code>
	<file path="catalog/controller/common/home.php">
		<operation>
			<search><![CDATA[
			$data['content_top'] = $this->load->controller('common/content_top');
			]]></search>
			<add position="after"><![CDATA[
			$data['top'] = $this->load->controller('common/top');
			$data['bottom'] = $this->load->controller('common/bottom');
			$data['product_top'] = $this->load->controller('common/product_top');
			$data['product_bottom'] = $this->load->controller('common/product_bottom');
			]]></add>
		</operation>
	</file>
	<file path="admin/view/template/design/layout_form.tpl">
		<operation>
			<search><![CDATA[
			<?php if ($layout_module['position'] == 'content_top') { ?>
			]]></search>
			<add position="before"><![CDATA[
			<?php if ($layout_module['position'] == 'top') { ?>
					<option value="top" selected="selected"><?php echo $text_top; ?></option>
					<?php } else { ?>
					<option value="top"><?php echo $text_top; ?></option>
					<?php } ?>

						<?php if ($layout_module['position'] == 'footer_top') { ?>
					<option value="footer_top" selected="selected"><?php echo $text_footer_top; ?></option>
					<?php } else { ?>
					<option value="footer_top"><?php echo $text_footer_top; ?></option>
					<?php } ?>
											<?php if ($layout_module['position'] == 'header_top') { ?>
					<option value="header_top" selected="selected"><?php echo $text_header_top; ?></option>
					<?php } else { ?>
					<option value="header_top"><?php echo $text_header_top; ?></option>
					<?php } ?>
											<?php if ($layout_module['position'] == 'bottom') { ?>
					<option value="bottom" selected="selected"><?php echo $text_bottom; ?></option>
					<?php } else { ?>
					<option value="bottom"><?php echo $text_bottom; ?></option>
					<?php } ?>

					<?php if ($layout_module['position'] == 'navigation') { ?>
					<option value="navigation" selected="selected"><?php echo $text_navigation; ?></option>
					<?php } else { ?>
					<option value="navigation"><?php echo $text_navigation; ?></option>
					<?php } ?>

					<?php if ($layout_module['position'] == 'product_bottom') { ?>
					<option value="product_bottom" selected="selected"><?php echo $text_product_bottom; ?></option>
					<?php } else { ?>
					<option value="product_bottom"><?php echo $text_product_bottom; ?></option>
					<?php } ?>
					<?php if ($layout_module['position'] == 'product_top') { ?>
					<option value="product_top" selected="selected"><?php echo $text_product_top; ?></option>
					<?php } else { ?>
					<option value="product_top"><?php echo $text_product_top; ?></option>
					<?php } ?>
			]]></add>
		</operation>
		<operation>
			<search><![CDATA[
			html += '    <option value="content_top"><?php echo $text_content_top; ?></option>';
			]]></search>
			<add position="after"><![CDATA[
				html += '    <option value="top"><?php echo $text_top; ?></option>';
				html += '    <option value="footer_top"><?php echo $text_footer_top; ?></option>';
				html += '    <option value="header_top"><?php echo $text_header_top; ?></option>';
				html += '    <option value="bottom"><?php echo $text_bottom; ?></option>';
				html += '    <option value="navigation"><?php echo $text_navigation; ?></option>';
				html += '    <option value="product_bottom"><?php echo $text_product_bottom; ?></option>';
				html += '    <option value="product_top"><?php echo $text_product_top; ?></option>';
			]]></add>
		</operation>
	</file>
	<file path="admin/controller/design/layout.php">
		<operation>
			<search><![CDATA[
			$data['text_content_top'] = $this->language->get('text_content_top');
			]]></search>
			<add position="after"><![CDATA[
			$data['text_top'] = $this->language->get('text_top');
			$data['text_footer_top'] = $this->language->get('text_footer_top');
			$data['text_header_top'] = $this->language->get('text_header_top');
			$data['text_bottom'] = $this->language->get('text_bottom');
			$data['text_navigation'] = $this->language->get('text_navigation');
			$data['text_product_bottom'] = $this->language->get('text_product_bottom');
			$data['text_product_top'] = $this->language->get('text_product_top');
			]]></add>
		</operation>
	</file>
	<file path="admin/language/english/design/layout.php">
		<operation>
			<search><![CDATA[
			$_['text_content_top']    = 'Content Top';
			]]></search>
			<add position="after"><![CDATA[
			$_['text_top']    = 'Top';
			$_['text_footer_top']    = 'Footer';
			$_['text_header_top']    = 'Header';
			$_['text_bottom']    = 'Bottom';
			$_['text_navigation']    = 'Navigation';
			$_['text_product_bottom']    = 'Product Bottom';
			$_['text_product_top']    = 'Product Top';
			]]></add>
		</operation>
	</file>

    <file path="catalog/controller/common/footer.php">
        <operation>
            <search><![CDATA[ $data['text_information'] = $this->language->get('text_information'); ]]></search>
            <add position="before"><![CDATA[
			$data['maintenance'] = $this->config->get('config_maintenance');
			]]></add>
        </operation>
        <operation>
            <search><![CDATA[
			$data['newsletter'] = $this->url->link('account/newsletter', '', 'SSL');
			]]></search>
            <add position="after"><![CDATA[
			$data['footer_top'] = $this->load->controller('common/footer_top');
			]]></add>
        </operation>
    </file>

    <file path="catalog/controller/common/header.php">
        <operation>
            <search><![CDATA[
			$data['base'] = $server;
			]]></search>
            <add position="before"><![CDATA[
			$data['header_top'] = $this->load->controller('common/header_top');
			$data['navigation'] = $this->load->controller('common/navigation');
			]]></add>
        </operation>
    </file>
</modification>