<?xml version="1.0" encoding="utf-8"?>
<modification>
	<name>TM Smoothscroll</name>
	<version>1.0</version>
	<author>http://www.templatemonster.com</author>
	<link>http://www.templatemonster.com</link>
	<code>smoothscroll</code>
	<file path="admin/view/template/setting/setting.tpl">
		<operation>
			<search><![CDATA[<div class="tab-pane" id="tab-option">]]></search>
			<add position="after">
				<![CDATA[
				<fieldset>
					<legend><?php echo $entry_smoothscroll; ?></legend>
					<div class="form-group">
						<label class="col-lg-2 col-md-2 col-sm-2 col-xs-12 control-label"><?php echo $entry_smoothscroll; ?></label>
						<div class="col-lg-10 col-md-10 col-sm-10 col-xs-12">
							<select name="config_smoothscroll" class="form-control">
								<?php if ($config_smoothscroll == 1) { ?>
								<option value="1" selected='selected'><?php echo $text_enabled; ?></option>
								<option value="0"><?php echo $text_disabled; ?></option>
								<?php } else { ?>
								<option value="1"><?php echo $text_enabled; ?></option>
								<option value="0" selected="selected"><?php echo $text_disabled; ?></option>
								<?php } ?>
							</select>
						</div>
					</div>
				</fieldset>
				]]>
			</add>
		</operation>
	</file>
	<file path="admin/language/*/setting/setting.php">
		<operation>
			<search><![CDATA[$_['entry_status']]]></search>
			<add position="before">
				<![CDATA[$_['entry_smoothscroll'] = 'Smoothscroll';]]>
			</add>
		</operation>
	</file>
	<file path="admin/controller/setting/setting.php">
		<operation>
			<search><![CDATA[if (isset($this->error['name'])) {]]></search>
			<add position="before">
				<![CDATA[
				if (isset($this->request->post['config_smoothscroll'])) {
				$data['config_smoothscroll'] = $this->request->post['config_smoothscroll'];
				} else {
				$data['config_smoothscroll'] = $this->config->get('config_smoothscroll');
				}
				]]>
			</add>
		</operation>
		<operation>
			<search><![CDATA[$data['entry_status']]]></search>
			<add position="before">
				<![CDATA[$data['entry_smoothscroll'] = $this->language->get('entry_smoothscroll');]]>
			</add>
		</operation>
	</file>
	<file path="catalog/controller/common/header.php">
		<operation>
			<search><![CDATA[$data['name']]]></search>
			<add position="before">
				<![CDATA[
				$data['smoothscroll'] = $this->config->get('config_smoothscroll');
				]]>
			</add>
		</operation>
	</file>
</modification>